"Article","Words","Status"
"multi-timeframe-analysis","2583","OK"
"candlestick-patterns","2543","OK"
"what-is-forex-trading","2390","OK"
"forex-article","2342","OK"
"major-vs-minor-pairs","2236","OK"
"how-the-forex-market-works","2211","OK"
"leverage-and-margin-explained","2194","OK"
"trading-costs-explained","2188","OK"
"forex-trading-capital-requirements","2134","OK"
"forex-market-sessions-india-time","2112","OK"
"liquidity-and-slippage","2057","OK"
"forex-market-participants","1958","OK"
"trading-basics","1930","OK"
"trading-psychology","1903","OK"
"is-forex-trading-legal-in-india","1843","OK"
"risk-management","1838","OK"
"technical-analysis","1825","OK"
"false-breakouts","1758","OK"
"order-types-in-forex","1702","OK"
"what-is-a-lot-size","1693","OK"
"clean-charts-philosophy","1671","OK"
"demo-vs-real-trading-reality","1663","OK"
"how-forex-brokers-work","1638","OK"
"what-are-pips-and-pip-value","1628","OK"
"price-action","1596","OK"
"forex","1579","OK"
"spread-vs-commission","1511","OK"
"currency-pairs-explained","1508","OK"
"support-resistance","1502","OK"
"bollinger-bands-explained","1486","UPGRADE"
"overtrading-problem","268","UPGRADE"
"ecn-vs-market-maker-brokers","266","UPGRADE"
"confirmation-bias-in-trading","262","UPGRADE"
"moving-averages-guide","260","UPGRADE"
"rsi-explained-properly","260","UPGRADE"
"why-strategies-fail","256","UPGRADE"
"macd-reality","255","UPGRADE"
"candlestick-patterns-explained","254","UPGRADE"
"best-time-to-trade-forex","247","UPGRADE"
"chart-patterns-truth","245","UPGRADE"
"indicators-myths-vs-reality","244","UPGRADE"
"thought","242","UPGRADE"
"support-and-resistance-basics","241","UPGRADE"
"trendlines-correct-way","239","UPGRADE"
"beginner-forex-mistakes","236","UPGRADE"
"breakout-trading-explained","229","UPGRADE"
"trading","194","UPGRADE"
"entry-timing-logic","191","UPGRADE"
"exit-strategies-explained","189","UPGRADE"
"indicator-overload-mistakes","183","UPGRADE"
"daily","180","UPGRADE"
"price-action-basics","165","UPGRADE"
"advanced-order-management","154","UPGRADE"
"risk-management-principles","137","UPGRADE"
"position-sizing-techniques","134","UPGRADE"
"expectancy-and-r-math","133","UPGRADE"
"kelly-criterion-overview","126","UPGRADE"
"writing-a-trading-plan","122","UPGRADE"
"taxes-and-trading","121","UPGRADE"
"building-a-trading-edge","117","UPGRADE"
"drawdown-management","117","UPGRADE"
"trading-economic-news","116","UPGRADE"
"handling-trading-emotions","115","UPGRADE"
"risk-adjusted-performance","110","UPGRADE"
"trading-journal-practices","107","UPGRADE"
"automation-and-alerts","106","UPGRADE"
"patience-and-timeframes","103","UPGRADE"
"hedging-basics","102","UPGRADE"
"backtesting-basics","100","UPGRADE"
"overnight-risk","100","UPGRADE"
"scenario-analysis","97","UPGRADE"
"choosing-a-broker","96","UPGRADE"
"diversification-for-traders","95","UPGRADE"
"correlation-and-portfolio-risk","94","UPGRADE"
"machine-learning-myths","94","UPGRADE"
"discipline-and-routines","93","UPGRADE"
"edge-compounding","93","UPGRADE"
"volatility-targeting","93","UPGRADE"
"market-microstructure","92","UPGRADE"
"trading-journal","89","UPGRADE"
"money-management","85","UPGRADE"
"robustness-testing","85","UPGRADE"
"trading-career-path","79","UPGRADE"
"regulation-for-indian-traders","79","UPGRADE"
"community-and-mentorship","78","UPGRADE"
"apis-and-data-sources","78","UPGRADE"
"exit-to-portfolio-management","77","UPGRADE"
"statistical-edge","76","UPGRADE"
"building-authority-and-brand","76","UPGRADE"
"trade-automation-safety","75","UPGRADE"
"execution-costs-deepdive","75","UPGRADE"
"platform-comparison","75","UPGRADE"
"creating-a-study-plan","75","UPGRADE"
"courses-vs-selfstudy","71","UPGRADE"
"mobile-trading-tips","71","UPGRADE"
"setting-goals-and-metrics","69","UPGRADE"
"heatmaps-and-marketbreadth","63","UPGRADE"
"risk-parity-intro","62","UPGRADE"
"algo-strategy-deployment","61","UPGRADE"
"volatility-surface-intro","60","UPGRADE"
"trade-psychology-advanced","60","UPGRADE"
"market-timing-myths","60","UPGRADE"
"option-basics-for-traders","59","UPGRADE"
"coaching-vs-mentoring","59","UPGRADE"
"path-to-consistency","59","UPGRADE"
"overfitting-detection","58","UPGRADE"
"mean-reversion-strategies","58","UPGRADE"
"trend-following-strategies","58","UPGRADE"
"event-driven-strategies","57","UPGRADE"
"scenario-based-allocation","57","UPGRADE"
"liquidity-provision","56","UPGRADE"
"api-trading-basics","55","UPGRADE"
"watchlist-management","55","UPGRADE"
"slippage-management","54","UPGRADE"
